artist_name,track_name,track_id,popularity,danceability,energy,key,loudness,mode,speechiness,acousticness,instrumentalness,liveness,valence,tempo,duration_ms,time_signature,k_cluster
The Weeknd,Blinding Lights,0VjIjW4GlUZAMYd2vXMi3b,91,0.514,0.73,1,-5.934,1,0.0598,0.00146,9.54e-05,0.0897,0.334,171.005,200040,4,0
Hotel Ugly,Shut up My Moms Calling,3hxIUxnT27p5WcmjGUXNwx,82,0.485,0.409,9,-10.711,0,0.101,0.325,0.0,0.103,0.376,138.419,164571,4,1
The Weeknd,Save Your Tears,5QO79kh1waicV47BqGRL3g,89,0.68,0.826,0,-5.487,1,0.0309,0.0212,1.24e-05,0.543,0.644,118.051,215627,4,0
Playboi Carti,Sky,29TPjc8wxfz4XMn21O7VsZ,83,0.785,0.903,2,-4.184,1,0.21,0.258,0.0,0.169,0.565,139.98,193234,4,0
$uicideboy$,"...And to Those I Love, Thanks for Sticking Around",30QR0ndUdiiMQMA9g1PGCm,82,0.792,0.511,2,-6.876,1,0.0409,0.124,9.04e-05,0.14,0.111,113.983,168490,4,0
Glass Animals,Heat Waves,3USxtqRwSYz57Ewm6wWRMp,84,0.761,0.525,11,-6.9,1,0.0944,0.44,6.7e-06,0.0921,0.531,80.87,238805,4,2
Taylor Swift,august,3hUxzQpSfdDqwM3ZTFQY0K,86,0.532,0.623,5,-9.208,1,0.0331,0.538,7.28e-05,0.0925,0.403,89.937,261923,4,0
SZA,Good Days,3YJJjQPAbDT7mGpX3WtQ9A,82,0.436,0.655,1,-8.37,0,0.0583,0.499,8.1e-06,0.688,0.412,121.002,279204,4,1
Conan Gray,Heather,4xqrdfXkTW4T0RauPLv3WA,87,0.357,0.425,5,-7.301,1,0.0333,0.584,0.0,0.322,0.27,102.078,198040,3,0
Elley Duhé,MIDDLE OF THE NIGHT,58HvfVOeJY7lUuCqF0m3ly,90,0.41,0.611,4,-8.271,0,0.0467,0.0228,0.0,0.116,0.0899,185.727,184448,3,1
Polo G,Martin & Gina,1VLtjHwRWOVJiE5Py7JxoQ,81,0.832,0.534,1,-7.813,0,0.253,0.345,0.0,0.165,0.116,93.924,132833,4,1
King Von,Took Her To The O,7fEoXCZTZFosUFvFQg1BmW,79,0.82,0.592,1,-7.002,1,0.29,0.0149,4.71e-06,0.121,0.4,159.98,196180,4,0
Juice WRLD,Wishing Well,2U5WueTLIK5WJLD7mvDODv,81,0.65,0.613,9,-6.13,0,0.128,0.00336,0.0,0.267,0.0804,149.972,194621,4,1
Luke Combs,Forever After All,6IBcOGPsniK3Pso1wHIhew,79,0.487,0.65,0,-5.195,1,0.0253,0.191,0.0,0.0933,0.456,151.964,232533,4,0
Eslabon Armado,Jugaste y Sufrí,3NqBxTOMCJ3zW9CIP51td4,81,0.39,0.499,7,-7.778,1,0.0381,0.632,0.000497,0.115,0.34,200.156,275194,1,2
Diplo,Heartless (feat. Morgan Wallen),3FU6urUVsgXa6RBuV2PdRk,77,0.765,0.556,11,-6.417,1,0.0512,0.275,0.0,0.0824,0.274,111.033,169227,4,2
Kali Uchis,telepatía,6tDDoYIxWvMLTdKpjFkc1B,83,0.653,0.524,11,-9.016,0,0.0502,0.112,0.0,0.203,0.553,83.97,160191,4,1
Eminem,Godzilla (feat. Juice WRLD),7FIWs0pqAYbP91WWM0vlTQ,84,0.808,0.745,10,-5.26,0,0.342,0.145,0.0,0.292,0.829,165.995,210800,4,1
21 Savage,Runnin,5SWnsxjhdcEDc7LJjq9UHk,79,0.819,0.626,10,-4.574,0,0.202,0.00748,0.101,0.167,0.415,143.01,195906,4,1
Steve Lacy,Infrunami,0f8eRy9A0n6zXpKSHSCAEp,78,0.826,0.299,9,-7.721,1,0.0446,0.31,0.0952,0.0758,0.215,97.012,178328,4,2
Drake,Chicago Freestyle (feat. Giveon),4wVOKKEHUJxHCFFNUWDn0B,83,0.735,0.449,10,-7.507,1,0.347,0.629,0.0,0.113,0.0397,122.947,220488,4,2
Lee Brice,Soul,3vCUelLOtiuNF78p9LNWZF,77,0.789,0.642,11,-8.304,1,0.0352,0.357,0.0,0.0985,0.755,121.003,167680,4,2
"Tyler, The Creator",BEST INTEREST,3jHdKaLCkuNEkWcLVmQPCX,79,0.596,0.575,11,-8.325,0,0.0514,0.0861,0.000153,0.334,0.34,98.265,127921,3,1
Giveon,Heartbreak Anniversary,3FAJ6O0NOHQV8Mc5Ri6ENp,84,0.449,0.465,0,-8.964,1,0.0791,0.524,1.02e-06,0.303,0.543,89.087,198371,3,0
Chris Stapleton,You Should Probably Leave,2UikqkwBv7aIvlixeVXHWt,77,0.602,0.477,9,-8.425,1,0.032,0.268,3.1e-05,0.173,0.552,183.89,213493,4,2
THE ANXIETY,Meet Me At Our Spot,07MDkzWARZaLEdKxo6yArG,81,0.773,0.47,2,-7.93,1,0.0299,0.0153,0.000193,0.0851,0.399,94.995,162680,4,0
Juice WRLD,Come & Go (with Marshmello),2Y0wPrPQBrGhoLn14xRYCG,81,0.625,0.814,0,-5.181,1,0.0657,0.0172,0.0,0.158,0.535,144.991,205485,4,0
Coyote Theory,This Side of Paradise,79EkGysjP2dL5GdpeQjRxT,83,0.306,0.664,9,-6.07,1,0.0276,0.432,7.5e-06,0.135,0.321,158.283,242010,4,2
Lil Baby,On Me,4Iedi94TIaB2GGb1nMB68v,78,0.856,0.564,6,-6.295,0,0.392,0.00327,0.0,0.134,0.483,77.972,135960,4,1
Dua Lipa,Levitating (feat. DaBaby),5nujrmhLynf4yMoMtj8AQF,85,0.702,0.825,6,-3.787,0,0.0601,0.00883,0.0,0.0674,0.915,102.977,203064,4,1
Machine Gun Kelly,my ex's best friend (with blackbear),7kDUspsoYfLkWnZR7qwHZl,79,0.731,0.675,5,-5.134,0,0.0434,0.00473,0.0,0.141,0.298,124.939,139461,4,1
Brent Faiyaz,Clouded,2J6OF7CkpdQGSfm1wdclqn,77,0.583,0.344,2,-8.765,1,0.0559,0.774,0.0,0.143,0.581,65.203,110129,3,0
21 Savage,Glock In My Lap,6pcywuOeGGWeOQzdUyti6k,77,0.847,0.733,10,-6.439,0,0.16,0.00574,1.04e-05,0.151,0.202,130.029,193591,4,1
Jhay Cortez,CÓMO SE SIENTE - Remix,2tFwfmceQa1Y6nRPhYbEtC,83,0.807,0.606,3,-8.871,0,0.088,0.0946,0.0,0.119,0.304,92.988,227520,4,1
Pop Smoke,For The Night (feat. Lil Baby & DaBaby),0PvFJmanyNQMseIFrU708S,81,0.823,0.586,6,-6.606,0,0.2,0.114,0.0,0.193,0.347,125.971,190476,4,1
Ariana Grande,positions,35mvY5S1H3J2QZyna3TFe0,85,0.737,0.802,0,-4.771,1,0.0878,0.468,0.0,0.0931,0.682,144.015,172325,4,0
Drake,Laugh Now Cry Later (feat. Lil Durk),2SAqBLGA283SUiwJ3xOUVI,80,0.761,0.518,0,-8.871,1,0.134,0.244,3.47e-05,0.107,0.522,133.976,261493,4,0
Tame Impala,One More Hour,0mO6oS60RST2sWmN2FKknP,80,0.647,0.398,4,-8.63,1,0.0283,0.108,0.107,0.148,0.32,102.029,432560,4,0
Bad Bunny,DÁKITI,47EiUVwUp4C9fGccaPuUCS,83,0.731,0.573,4,-10.059,0,0.0544,0.401,5.22e-05,0.113,0.145,109.928,205090,4,1
Tate McRae,you broke me first,45bE4HXI0AwGZXfZtMp8JR,83,0.667,0.373,4,-9.389,1,0.05,0.785,0.0,0.0906,0.0823,124.148,169266,4,0
Don Toliver,After Party,527k23H0A4Q0UJN3vGs0Da,80,0.629,0.692,5,-8.045,1,0.0376,0.00981,0.331,0.603,0.453,162.948,167916,4,2
Bad Bunny,La Santa,69vlMrzHwATKzupwNcUPyK,84,0.744,0.868,1,-4.524,1,0.047,0.0326,0.0,0.0822,0.586,93.037,206420,4,0
Playboi Carti,ILoveUIHateU,1BpKJw4RZxaFB88NE5uxXf,77,0.684,0.693,4,-6.651,0,0.0339,0.00534,0.0,0.506,0.108,134.988,135122,4,1
Fujii Kaze,死ぬのがいいわ,0HYAsQwJIO6FLqpyTeD3l6,87,0.6,0.76,6,-6.123,0,0.0451,0.167,4.07e-05,0.189,0.519,158.075,185573,4,1
Noah Cyrus,July,6J2LdBN97cDWn0MLxYh9HB,80,0.708,0.186,9,-8.953,0,0.042,0.868,0.0,0.0779,0.322,72.541,156106,4,1
Cardi B,WAP (feat. Megan Thee Stallion),4Oun2ylbjFKMPTiaSbbCih,81,0.935,0.454,1,-7.509,1,0.375,0.0194,0.0,0.0824,0.357,133.073,187541,4,0
Pop Smoke,What You Know Bout Love,1tkg4EHVoqnhR6iFEXb60y,81,0.709,0.548,10,-8.493,1,0.353,0.65,1.59e-06,0.133,0.543,83.995,160000,4,2
Riovaz,Prom Night,7KhJdiu4zbPlhlImRLIyDl,76,0.813,0.608,7,-9.918,1,0.169,0.355,8.56e-06,0.0963,0.0512,149.251,145899,4,2
blackbear,hot girl bummer,6jRq8gaZhMUyy5RclRPcAf,81,0.782,0.559,6,-7.106,0,0.0767,0.125,0.0,0.385,0.685,129.992,188344,1,1
Lil Durk,3 Headed Goat (feat. Lil Baby & Polo G),6Tguhaf2uAe6OjRLsR2Tql,76,0.846,0.48,8,-8.618,0,0.359,0.269,0.0,0.0989,0.419,143.029,169532,4,1
Playboi Carti,Vamp Anthem,4CzhtKifG867Lu5DNQVBSA,78,0.642,0.69,11,-5.101,1,0.261,0.00599,1.3e-06,0.322,0.641,164.075,124094,4,2
Powfu,death bed (coffee for your head),7eJMfftS33KTjuF7lTsMCx,83,0.726,0.431,8,-8.765,0,0.135,0.731,0.0,0.696,0.348,144.026,173333,4,1
Ozzy Osbourne,Crazy Train,7ACxUo21jtTHzy7ZEV56vU,78,0.454,0.913,9,-4.008,1,0.107,0.408,0.000271,0.248,0.521,137.688,293183,4,2
Bad Bunny,Si Veo a Tu Mamá,41wtwzCZkXwpnakmwJ239F,82,0.9,0.603,2,-5.313,1,0.0646,0.402,4.81e-06,0.134,0.824,129.928,170972,4,0
Pop Smoke,Element,57BGVV6wcyhbn3hsjlqEZB,80,0.772,0.878,2,-4.22,1,0.324,0.0301,2.18e-06,0.251,0.305,61.311,135747,5,0
Sleep Miracle,Brown Sleep Noise,5UBonaClAZVfzxJNn8nnhh,79,0.0555,0.0837,1,-30.397,1,0.147,0.116,1.0,0.112,0.06,59.509,248000,4,0
Taylor Swift,cardigan,4R2kfaDFhslZEMJqAFNpdd,81,0.613,0.581,0,-8.588,0,0.0424,0.537,0.000345,0.25,0.551,130.033,239560,4,1
21 Savage,Rich Nigga Shit (feat. Young Thug),3ruoIF2UnoXdzK8mR61ebq,77,0.825,0.733,1,-5.625,0,0.0969,0.349,0.0,0.112,0.62,97.974,190331,4,1
Conan Gray,Maniac,6KfoDhO4XUWSbnyKjNp9c4,81,0.628,0.639,8,-5.46,1,0.0435,0.00162,0.0,0.354,0.493,108.045,185773,4,2
HARDY,GIVE HEAVEN SOME HELL,2bVeUlOC5JjTpkQXuUUoYm,74,0.639,0.843,11,-4.975,1,0.0362,0.0525,0.0,0.0854,0.528,126.047,217802,4,2
Tame Impala,Borderline,5hM5arv9KDbCHS0k9uqwjr,79,0.621,0.873,5,-3.067,0,0.0369,0.0406,9.1e-06,0.0824,0.873,97.96,237800,4,1
Lil Tecca,Our Time,2WxUIiq06XXPYWl9YcRJnD,79,0.895,0.439,5,-12.142,0,0.319,0.199,0.0,0.0683,0.633,109.988,98413,4,1
Polo G,21,3JKgcAa7r07ocVWcV8bS0H,77,0.783,0.479,7,-10.646,1,0.541,0.149,0.0,0.101,0.533,176.027,163798,4,2
BTS,Dynamite,5QDLhrAOJJdNAmCTJ8xMyW,86,0.746,0.765,6,-4.41,0,0.0993,0.0112,0.0,0.0936,0.737,114.044,199054,4,1
DaBaby,ROCKSTAR (feat. Roddy Ricch),7ytR5pFWmSjzHJIeQkgog4,80,0.746,0.69,11,-7.956,1,0.164,0.247,0.0,0.101,0.497,89.977,181733,4,2
Taylor Swift,exile (feat. Bon Iver),4pvb0WLRcMtbPGmtejJJ6y,80,0.298,0.38,6,-8.426,1,0.0287,0.778,5.62e-05,0.11,0.152,75.602,285634,4,0
Don Toliver,No Idea,7AzlLxHn24DxjgQX73F9fU,80,0.652,0.631,6,-5.718,0,0.0893,0.524,0.000579,0.165,0.35,127.998,154424,4,1
Beach Bunny,Cloud 9,6vFsBXYczYsP0H3lgunZOm,79,0.637,0.929,4,-3.593,1,0.0491,0.00167,2.62e-05,0.344,0.902,80.974,147351,4,2
The Weeknd,Heartless,6bnF93Rx87YqUBLSgjiMU8,79,0.537,0.746,10,-5.507,0,0.15,0.0236,1.01e-06,0.156,0.252,170.062,198267,4,1
The Strokes,The Adults Are Talking,5ruzrDWcT0vuJIOMW7gMnW,79,0.593,0.749,5,-5.67,1,0.0475,0.0113,0.106,0.314,0.649,164.959,309053,4,2
Giveon,Like I Want You,6qBFSepqLCuh5tehehc1bd,77,0.678,0.355,10,-7.757,0,0.0627,0.759,7.06e-05,0.114,0.438,119.772,260776,3,1
Jack Harlow,WHATS POPPIN,1jaTQ3nqY3oAAYyCTbIvnM,77,0.923,0.604,11,-6.671,0,0.245,0.017,0.0,0.272,0.826,145.062,139741,4,1
Kane Brown,Be Like That - feat. Swae Lee & Khalid,5f1joOtoMeyppIcJGZQvqJ,76,0.727,0.626,7,-8.415,1,0.0726,0.0469,2.58e-05,0.126,0.322,86.97,191406,4,2
1nonly,Stay With Me,2WYs5LxOZfEyURXu7V0O1a,80,0.684,0.844,9,-7.649,1,0.335,0.302,0.0,0.374,0.335,126.677,141505,5,2
Drake,Time Flies,5H4mXWKcicuLKDn4Jy0sK7,77,0.864,0.477,10,-5.786,1,0.224,0.201,0.0,0.182,0.5,86.46,192932,4,2
Bad Bunny,Safaera,2DEZmgHKAvm41k4J3R2E9Y,80,0.607,0.829,2,-4.074,1,0.379,0.0103,0.0,0.107,0.685,96.172,295177,4,0
Gabby Barrett,The Good Ones,3hLuHKzG1cmlRpq53ZVWd8,74,0.519,0.552,2,-5.023,1,0.0259,0.18,0.0,0.149,0.331,89.957,215141,4,0
Taylor Swift,champagne problems,0sY6ZUTh4yoctD8VIXz339,78,0.462,0.24,0,-12.077,1,0.0377,0.92,0.0,0.113,0.32,171.319,244000,4,0
Luar La L,Caile,6i1g5ZRmJZAkDwBaUZ3f2i,91,0.704,0.756,0,-4.948,1,0.448,0.298,3.75e-06,0.0852,0.461,121.737,141340,3,0
Bad Bunny,Yo Perreo Sola,0SqqAgdovOE24BzxIClpjw,79,0.86,0.758,11,-5.16,1,0.0695,0.021,6.54e-05,0.344,0.453,97.014,172127,4,2
Gabby Barrett,I Hope,23T0OX7QOiIUFShSzbJ5Uo,74,0.466,0.536,6,-6.227,1,0.0429,0.0951,0.0,0.114,0.377,75.998,210773,4,2
Dua Lipa,Levitating,39LLxExYz6ewLAcYrzQQyP,84,0.695,0.884,6,-2.278,0,0.0753,0.0561,0.0,0.213,0.914,103.014,203808,4,1
Bad Bunny,LA NOCHE DE ANOCHE,2XIc1pqjXV3Cr2BQUGNBck,83,0.856,0.618,7,-4.892,1,0.286,0.0303,0.0,0.0866,0.391,81.993,203201,4,2
Pop Smoke,Got It On Me,25zlnOAzbVoOzIeXSvQFf1,77,0.688,0.647,2,-7.258,1,0.19,0.00815,1.65e-05,0.095,0.195,88.834,164580,4,0
Juice WRLD,Conversations,4K06PO78fW4mnBVenxGNob,76,0.747,0.622,11,-5.825,1,0.0838,0.176,0.0,0.151,0.57,159.93,181661,4,2
Eyedress,Romantic Lover,7s5VQqrjBtrBgZL4pEa46S,77,0.658,0.447,9,-9.299,0,0.0869,0.701,0.924,0.198,0.538,184.316,86739,4,1
Lil Baby,We Paid (feat. 42 Dugg),6gxKUmycQX7uyMwJcweFjp,74,0.926,0.542,1,-5.064,1,0.293,0.135,0.0,0.0877,0.564,135.14,181929,4,0
Bad Bunny,TE MUDASTE,5RubKOuDoPn5Kj5TLVxSxY,81,0.811,0.637,10,-4.835,0,0.0591,0.234,0.000572,0.118,0.471,92.025,130014,4,1
Mac Miller,Blue World,2hwOoMtWPtTSSn6WHV7Vp5,76,0.742,0.553,8,-8.98,1,0.419,0.389,0.0,0.0694,0.508,84.931,209440,4,2
Big Sean,Wolves (feat. Post Malone),33gwZOGJWEZ7dRWPqPxBEZ,77,0.724,0.675,2,-5.267,1,0.0867,0.0978,9.41e-06,0.351,0.325,160.048,199758,4,0
Pop Smoke,Hello (feat. A Boogie Wit da Hoodie),2r6OAV3WsYtXuXjvJ1lIDi,78,0.905,0.647,10,-5.065,0,0.107,0.0187,0.0,0.282,0.367,130.97,190534,4,1
G Herbo,PTSD,1C8ux1YWLMHCenYJFiIV4Z,74,0.883,0.808,1,-3.158,0,0.182,0.0313,0.0,0.207,0.806,119.01,232065,4,1
Juice WRLD,Righteous,5dOxHHMOFAbG3VH23t0xNm,76,0.706,0.625,0,-7.426,1,0.0314,0.0417,0.0,0.129,0.225,142.948,242181,4,0
The Kid LAROI,WITHOUT YOU,27OeeYzk6klgBh83TSvGMA,80,0.662,0.413,0,-7.357,1,0.0299,0.213,0.0,0.134,0.467,93.005,161385,4,0
Wiz Khalifa,The Thrill,4wqzOaLxiCRy2Et8tRyNSX,77,0.817,0.775,10,-4.767,0,0.108,0.277,0.0,0.108,0.806,126.984,234334,4,1
Bad Bunny,La Difícil,6NfrH0ANGmgBXyxgV2PeXt,80,0.685,0.848,8,-4.561,0,0.0858,0.0861,7.14e-06,0.0783,0.761,179.87,163084,4,1
Jack Harlow,"WHATS POPPIN (feat. DaBaby, Tory Lanez & Lil Wayne) - Remix",2MbdDtCv5LUVjYy9RuGTgC,76,0.904,0.723,11,-5.224,0,0.26,0.0631,0.0,0.185,0.835,145.013,227478,4,1
The Weeknd,After Hours,2p8IUWQDrpjuFltbdgLOag,80,0.664,0.572,5,-6.099,0,0.0305,0.0811,0.00604,0.121,0.143,108.959,361027,4,1
Ariana Grande,34+35,6Im9k8u9iIzKMrmV7BWtlF,81,0.83,0.585,0,-6.476,1,0.094,0.237,0.0,0.248,0.485,109.978,173711,4,0
Carly Pearce,I Hope You’re Happy Now,0Al3wN3keprGTSgG8NBwjr,72,0.591,0.815,10,-4.725,1,0.0366,0.168,8.68e-06,0.142,0.306,118.024,198689,4,2
Juice WRLD,Hate The Other Side (with Marshmello & The Kid Laroi),0ada5XsQGLPUVbmTCkAP49,76,0.701,0.65,6,-6.313,1,0.104,0.291,0.0,0.112,0.647,90.003,160212,4,2
Pop Smoke,Mood Swings (feat. Lil Tjay),5rZlwNFl01HqLWBQGryKSm,79,0.48,0.602,10,-6.335,0,0.368,0.487,0.0,0.0848,0.269,179.798,213333,4,1
Ariana Grande,motive (with Doja Cat),5GkQIP5mWPi4KZLLXeuFTT,79,0.789,0.742,10,-5.664,0,0.0652,0.0681,0.0,0.166,0.661,116.965,167990,4,1
$NOT,GOSHA,0j8ppsOOawdPCJnSTcXgOy,74,0.847,0.448,0,-10.14,1,0.416,0.81,1.35e-05,0.325,0.488,79.975,120000,4,0
Internet Money,"Lemonade (feat. Gunna, Don Toliver & NAV)",7hxHWCCAIIxFLCzvDgnQHX,78,0.8,0.658,1,-6.142,0,0.079,0.25,0.0,0.111,0.462,140.042,195429,4,1
Dustin Lynch,Thinking 'Bout You (feat. Lauren Alaina),6NebrV4ZigAoXIRbe11hxh,72,0.394,0.747,8,-4.446,1,0.0627,0.13,0.0,0.0747,0.776,203.918,170560,4,2
Ritt Momney,Put Your Records On,6AGOKlMZWLCaEJGnaROtF9,77,0.399,0.491,6,-10.778,0,0.0538,0.0563,0.00089,0.11,0.151,91.066,210463,4,1
21 Savage,Mr. Right Now (feat. Drake),4Q34FP1AT7GEl9oLgNtiWj,73,0.647,0.667,5,-5.563,1,0.304,0.231,0.0,0.133,0.704,172.08,193839,4,2
Bee Gees,Stayin Alive,5ubvP9oKmxLUVq506fgLhk,80,0.702,0.773,10,-9.256,0,0.0343,0.0288,0.00871,0.147,0.953,103.564,285373,4,1
Tory Lanez,Broke In A Minute,4xqIYGwwZTEem9U8A42SPF,74,0.929,0.7,0,-5.595,0,0.0906,0.144,0.0,0.349,0.802,120.009,132024,4,1
Carin Leon,La Boda Del Huitlacoche - Live,1Tcm4Qi0lbzXofH11MIzJs,81,0.684,0.882,9,-7.963,1,0.0761,0.517,9.81e-05,0.296,0.892,140.545,188417,3,2
Polo G,Flex (feat. Juice WRLD),2QqJTIlGKRLJC3onkavYEz,74,0.752,0.673,10,-5.792,0,0.153,0.0538,0.0,0.133,0.35,164.009,163902,4,1
Bruno Major,Nothing,2IAR0DziHCjSu16gR4ihvy,79,0.555,0.27,2,-15.892,1,0.0884,0.931,0.536,0.103,0.274,139.691,162797,3,0
Future,Drankin N Smokin,0k7wmahjkn389wAZdz19Cv,74,0.752,0.658,0,-6.297,1,0.342,0.0421,0.0,0.0927,0.387,151.951,213520,4,0
Ariana Grande,Stuck with U (with Justin Bieber),4HBZA5flZLE435QTztThqH,83,0.597,0.45,8,-6.658,1,0.0418,0.223,0.0,0.382,0.537,178.765,228482,3,2
Chris Brown,Go Crazy,1IIKrJVP1C9N7iPtG6eOsK,78,0.755,0.578,0,-8.932,0,0.145,0.316,0.0,0.25,0.581,94.148,176960,4,1
Jack Harlow,I WANNA SEE SOME ASS (feat. jetsonmade),2aWVaW1p2kUc5yuKwBmRJi,75,0.899,0.691,0,-7.554,1,0.0497,0.18,0.000451,0.135,0.865,107.951,125302,4,0
Future,Life Is Good (feat. Drake),5yY9lUy8nbvjM1Uyo1Uqoc,78,0.676,0.609,2,-5.831,0,0.481,0.0706,0.0,0.152,0.508,142.037,237735,4,1
Selena Gomez,Lose You To Love Me,4l0Mvzj72xxOpRrp6h8nHi,81,0.488,0.343,4,-8.985,1,0.0436,0.556,0.0,0.21,0.0978,102.819,206459,4,0
The Kid LAROI,GO (feat. Juice WRLD),2rPHUAeUPbNgTmK18FPTiZ,74,0.487,0.74,6,-4.973,1,0.0944,0.157,0.0,0.612,0.522,73.779,181688,4,2
Bad Bunny,A Tu Merced,4r9jkMEnArtWGH2rL2FZl0,84,0.86,0.791,0,-4.784,1,0.0568,0.169,0.000106,0.106,0.887,92.023,175918,4,0
Penelope Scott,Rät,4blPH3Uy89WnOnYlIv7Ev4,76,0.609,0.449,5,-13.291,0,0.249,0.326,0.000115,0.147,0.309,143.854,194165,4,1
Chris Stapleton,Starting Over,3K07bGe8iljQ3mOKArHLDo,72,0.638,0.538,10,-8.445,1,0.0315,0.452,0.000415,0.0695,0.318,89.124,240413,4,2
Lil Baby,Emotionally Scarred,7ge7BHazYbVKi8qyZUX1Bm,74,0.585,0.641,6,-4.269,0,0.133,0.0286,0.0,0.316,0.266,88.284,197530,4,1
Key Glock,Mr. Glock,1ipSpQfzBbhPFhYm6tfVIz,71,0.804,0.946,7,-5.949,1,0.352,0.002,0.0,0.359,0.745,150.141,146880,4,2
Yung Gravy,oops!,7L6G0wpIUiPXuvoo7qhb06,72,0.886,0.743,6,-6.797,0,0.0812,0.0358,0.000198,0.0511,0.941,131.902,139760,4,1
Tems,Free Mind,2mzM4Y0Rnx2BDZqRnhQ5Q6,74,0.562,0.463,6,-7.478,1,0.0787,0.442,0.000145,0.157,0.416,125.15,247579,5,2
Brent Faiyaz,Dead Man Walking,5VlTQnZO89Ioku8ssdbqJk,74,0.505,0.267,9,-13.763,0,0.05,0.279,0.0,0.096,0.439,143.929,247080,4,1
Mac Miller,Good News,1DWZUa5Mzf2BwzpHtgbHPY,75,0.794,0.32,1,-12.92,0,0.173,0.853,0.134,0.112,0.241,174.088,342040,4,1
Tenille Arts,Somebody Like That,3hboOw4dS0aXGuP0fyyvbC,72,0.574,0.798,6,-5.356,1,0.0485,0.0152,0.0,0.111,0.58,105.034,198209,4,2
Lee Brice,One Of Them Girls,6uyiyatWPCqC59Mm4rO8xL,72,0.643,0.79,4,-6.079,1,0.0461,0.29,0.0,0.107,0.808,95.981,188893,4,2
Lil Uzi Vert,Myron,56uXDJRCuoS7abX3SkzHKQ,73,0.771,0.654,8,-6.976,0,0.298,0.055,0.0,0.214,0.573,155.047,224955,4,1
Polo G,Go Stupid,4PklAHGXT5ityno3IA8SKd,72,0.92,0.833,1,-3.18,1,0.253,0.0277,0.0,0.0596,0.645,141.034,165726,4,0
Ava Max,Kings & Queens,7a53HqqArd4b9NF4XAmlbI,81,0.637,0.69,1,-4.057,0,0.0405,0.00786,0.0,0.124,0.457,129.857,162399,4,1
Playboi Carti,Stop Breathing,2lLG56qpLP3UbcLuzMvkWX,74,0.856,0.57,9,-4.486,1,0.286,0.00637,0.0,0.0984,0.155,154.967,218943,4,2
Rod Wave,Rags2Riches 2 (feat. Lil Baby),40TPiJpvwGIyvPjJMDTKfy,72,0.874,0.443,5,-9.628,0,0.241,0.147,0.0,0.124,0.298,118.004,235988,4,1
Alexander 23,IDK You Yet,0j1Ia2lQWrcXrQZI4AdJlk,78,0.648,0.308,1,-11.729,1,0.04,0.886,0.0774,0.124,0.198,76.997,184638,1,0
Conan Gray,Wish You Were Sober,0kn2gu8Pd03DiYHzRvX2Xk,79,0.701,0.728,2,-5.226,1,0.0468,0.0178,0.0,0.17,0.696,91.071,168880,4,0
Don Toliver,Cardigan,0Li1OuXXfi7950ilZUFGkF,76,0.747,0.497,4,-6.542,0,0.0401,0.248,0.0,0.138,0.0663,142.046,158709,4,1
THE SCOTTS,THE SCOTTS,39Yp9wwQiSRIDOvrVg7mbk,77,0.716,0.537,0,-7.648,0,0.0514,0.233,0.0,0.157,0.28,129.979,165978,4,1
Doja Cat,Boss Bitch,78qd8dvwea0Gosb6Fe6j3k,79,0.707,0.955,10,-4.593,0,0.222,0.127,0.0,0.202,0.575,125.989,134240,4,1
Taylor Swift,the 1,0Jlcvv8IykzHaSmj49uNW8,76,0.777,0.357,0,-6.942,1,0.0522,0.757,7.28e-06,0.108,0.172,139.883,210252,4,0
Kid Cudi,Tequila Shots,30KctD1WsHKTIYczXjip5a,73,0.712,0.556,5,-7.214,0,0.0531,0.084,5.04e-05,0.527,0.22,90.494,193293,4,1
The Neighbourhood,Stargazing,0VF7YLIxSQKyNiFL3X6MmN,75,0.512,0.483,0,-7.798,1,0.0298,0.00304,0.0011,0.12,0.367,160.009,217027,4,0
XXXTENTACION,Riot,4aOOExMBUyxKnEYb39SrTg,74,0.509,0.542,3,-8.027,0,0.442,0.019,0.00639,0.23,0.151,97.767,78681,4,1
Tems,Higher,2QdSb68BzZGMgCbsrFmSLc,74,0.609,0.581,2,-10.854,1,0.277,0.509,0.0,0.283,0.528,102.964,196204,3,0
Bad Bunny,Bichiyal,4j4w4CXm6BSr0s25wAWrrX,78,0.737,0.766,10,-4.242,0,0.0458,0.31,6.63e-06,0.114,0.662,93.956,196500,4,1
Gunna,DOLLAZ ON MY HEAD (feat. Young Thug),3nS9a01VvXHQriLqJYwRqG,73,0.825,0.458,0,-7.47,1,0.0577,0.114,0.0,0.102,0.161,145.115,197760,4,0
Juice WRLD,Stay High,21CkzgKCBCq5V4XKjiGSIj,74,0.745,0.5,8,-6.184,1,0.135,0.439,0.0,0.0943,0.433,76.968,168685,4,2
Ava Max,Sweet but Psycho,7DnAm9FOTWE3cUvso43HhI,80,0.72,0.706,1,-4.719,1,0.0473,0.0684,0.0,0.166,0.62,133.002,187436,4,0
Playboi Carti,New Tank,4txKMpsSfZRV6durPuHVq0,73,0.819,0.638,10,-4.831,0,0.226,0.031,0.000116,0.152,0.167,150.993,89741,4,1
A Boogie Wit da Hoodie,Me and My Guitar,6cZH4rX1KTt1aJ3Ql6Ynja,72,0.644,0.587,7,-6.736,0,0.353,0.473,0.0,0.0759,0.68,173.972,161765,4,1
Jelly Roll,Save Me,1rnYNAJPAb586NhetosdNW,70,0.677,0.404,0,-9.552,1,0.027,0.653,0.0,0.249,0.355,83.087,240723,3,0
YNW Melly,Suicidal (Remix) [feat. Juice WRLD],4S2uhQE8L9V6p7rj7SiauJ,74,0.655,0.441,9,-5.245,0,0.0629,0.474,0.0,0.099,0.273,139.957,225857,4,1
Pooh Shiesty,Back In Blood (feat. Lil Durk),7JuHVG3qQKQKxC4doneXVW,72,0.759,0.538,8,-8.256,0,0.384,0.151,0.0,0.126,0.831,146.933,184490,4,1
Money Man,24 (feat. Lil Baby),0xUvi7wldroBzaZCengPa5,73,0.868,0.638,2,-7.746,1,0.0736,0.146,0.0565,0.0931,0.459,126.03,182857,4,0
Pop Smoke,Invincible,792HwhrdO3ErRKL5yRe4Ge,79,0.548,0.732,11,-5.652,0,0.336,0.125,0.0,0.269,0.612,142.791,127547,4,1
Bee Gees,"More Than A Woman - From ""Saturday Night Fever"" Soundtrack",2cX2coZS1PYBfPs8wgbdWE,77,0.601,0.703,7,-6.24,1,0.0379,0.175,8.4e-05,0.571,0.673,106.164,196213,4,2
Taylor Swift,my tears ricochet,1MgV7FIyNxIG7WzMRJV5HC,76,0.456,0.263,0,-10.63,1,0.0332,0.806,0.0,0.0749,0.111,129.86,255894,4,0
Lil Baby,Grace (feat. 42 Dugg),01JMnRUs2YOK6DDpdQASGY,70,0.817,0.513,10,-6.263,0,0.394,0.38,0.0,0.109,0.177,123.029,203438,4,1
Brent Faiyaz,Rehab (Winter In Paris),0zWbYGQq5O1KQd0iqzgjP6,72,0.549,0.242,5,-11.692,1,0.038,0.809,8.1e-05,0.127,0.286,144.211,180304,4,0
Tate McRae,that way,7l97ElWmIdVHWUaOeeU5ZC,78,0.453,0.383,0,-11.015,1,0.163,0.728,0.0,0.387,0.333,105.029,175027,4,0
Machine Gun Kelly,forget me too (feat. Halsey),1VSuFS7PahCN3SWbOcQ98m,74,0.654,0.875,1,-4.845,1,0.0744,0.000417,0.0086,0.194,0.522,99.975,171621,4,0
Trevor Daniel,Falling,0Aqi7ArnBrGblW5T6p2jmD,79,0.785,0.431,10,-8.756,0,0.0364,0.123,0.0,0.0887,0.236,127.085,159382,4,1
Young Dolph,1 Scale (feat. G Herbo),5gmkw2031VVIboYqPIjSWB,70,0.878,0.635,6,-5.811,0,0.24,0.0289,0.0,0.276,0.331,135.035,176040,4,1
Maddie & Tae,Die From A Broken Heart,3DA4SE262k6rdEtlHteNyq,70,0.596,0.522,9,-6.633,1,0.0358,0.373,0.0,0.291,0.443,76.042,188320,4,2
Taylor Swift,mirrorball,0ZNU020wNYvgW84iljPkPP,76,0.553,0.413,2,-10.037,1,0.0334,0.687,2.33e-06,0.0594,0.379,110.107,208978,4,0
Junior H,Se Amerita,3pQYf90V5idOGrXzosm9rt,78,0.752,0.719,6,-4.399,0,0.0285,0.264,7.96e-05,0.126,0.544,107.582,235858,4,1
Jack Harlow,Already Best Friends (feat. Chris Brown),4RKJRRd4VJfZWiqQTYsleE,74,0.873,0.575,10,-7.284,0,0.0702,0.0891,0.0,0.108,0.872,103.005,197031,4,1
DJ Scheme,E-ER (feat. Lil Yachty),4N7i6RfJXMWfkx9Zr6pzkJ,72,0.952,0.29,8,-11.459,1,0.428,0.074,0.0,0.107,0.394,130.083,163385,4,2
BLACKPINK,How You Like That,4SFknyjLcyTLJFPKD2m96o,79,0.812,0.761,11,-5.222,1,0.0812,0.0465,0.000135,0.0601,0.344,130.032,182956,4,2
Thundercat,Funny Thing,1c5CllrZr45UBhWpIqM332,73,0.586,0.893,7,-8.772,1,0.439,0.827,0.642,0.212,0.65,140.023,116630,3,2
Ken Carson,Yale,0HTIrbUwwFn984RzVZm5Fk,72,0.728,0.442,1,-10.095,1,0.0565,0.000487,8.21e-06,0.149,0.441,142.025,106536,4,0
Koe Wetzel,Drunk Driving,3ERb3f5nGNwRcNLNoN3KRg,69,0.326,0.621,0,-5.621,1,0.0347,0.0803,0.0,0.127,0.368,119.977,238211,4,0
The Weeknd,In Your Eyes,7szuecWAPwGoV1e5vGu8tl,79,0.667,0.719,7,-5.371,0,0.0346,0.00285,8.1e-05,0.0736,0.717,100.021,237520,4,1
Water Sound Natural White Noise,Deep Sleep Recovery Noise,5pGBDKBaR63vuJ4g8ialcU,75,0.0,0.032,1,-30.704,1,0.0,0.916,0.202,0.103,0.0,0.0,63000,0,0
Luke Combs,Cold As You,7IWV29mryrqtO0JVgnPtfv,72,0.598,0.846,6,-4.956,1,0.0355,0.0527,0.0,0.113,0.328,144.04,186107,4,2
Brent Faiyaz,Been Away,5PvVkf1Yuq3XyMqqjPiKPd,72,0.602,0.5,8,-9.377,1,0.298,0.477,5.69e-05,0.295,0.395,132.798,223630,4,2
Tiësto,The Business,6f3Slt0GbA2bPZlz0aIFXN,83,0.798,0.62,8,-7.079,0,0.232,0.414,0.0192,0.112,0.235,120.031,164000,4,1
Sara Kays,Remember That Night?,1nYzjrdVQ8RpF93M0jPFW7,76,0.679,0.61,7,-10.936,0,0.0305,0.585,9.51e-05,0.156,0.554,123.978,227186,4,1
Lil Tecca,Out Of Love (feat. Internet Money),0IJA9KP6rT55jrP1YpTdhx,74,0.732,0.636,7,-6.162,0,0.0497,0.0847,0.0,0.241,0.358,138.061,153627,4,1
Bad Bunny,Vete,2n7ohqg1s68ToAHh4u9mcW,76,0.886,0.672,1,-4.394,1,0.188,0.0363,8.78e-06,0.101,0.526,91.976,192024,4,0
Rosa Walton,I Really Want to Stay at Your House,7mykoq6R3BArsSpNDjFQTm,79,0.49,0.738,3,-7.399,0,0.0367,0.00237,4.58e-06,0.0851,0.126,124.966,246653,4,1
Bad Bunny,Una Vez,5J7teKIJGtqVypgYI6sqXj,80,0.55,0.598,11,-5.402,0,0.0831,0.132,2.58e-06,0.0955,0.543,83.836,232496,4,1
Josh Abbott Band,Settle Me Down,3CYpmhtAu6DCAwfkYB2mQ9,70,0.302,0.522,4,-6.737,1,0.0356,0.724,9.46e-06,0.107,0.49,73.369,177083,3,0
Taylor Swift,willow,0lx2cLdOt3piJbcaXIV74f,78,0.392,0.574,7,-9.195,1,0.17,0.833,0.00179,0.145,0.529,81.112,214707,4,2
Moneybagg Yo,Me Vs Me,1lUTmmPMAsxZBR2iK9CKDF,69,0.853,0.821,5,-4.537,0,0.209,0.205,0.0,0.209,0.625,130.999,183319,4,1
Wizkid,Essence (feat. Tems),5FG7Tl93LdH117jEKYl3Cm,75,0.849,0.707,0,-6.002,1,0.113,0.0266,8.58e-06,0.618,0.602,104.027,248040,4,0
Briston Maroney,Freakin' Out On the Interstate,0awZwmlC6pxH65KTZpadmX,71,0.45,0.794,4,-5.015,1,0.0538,0.388,0.0,0.303,0.362,143.861,251906,4,0
The Weeknd,Save Your Tears (Remix) (with Ariana Grande) - Bonus Track,1oFAF1hdPOickyHgbuRjyX,80,0.65,0.825,0,-4.645,1,0.0325,0.0215,2.44e-05,0.0936,0.593,118.091,191014,4,0
Playboi Carti,On That Time,3dl8bSF08LQfCf4T6CCksf,73,0.598,0.476,0,-3.673,1,0.0333,0.00584,0.0,0.265,0.0545,150.078,102422,4,0
Nelly,Lil Bit,0NmuYnjETG3u3qx0OmEJev,71,0.707,0.689,4,-7.097,0,0.0387,0.0255,0.0,0.383,0.41,119.987,195962,4,1
Ariana Grande,pov,3UoULw70kMsiVXxW0L3A33,76,0.487,0.534,0,-5.664,0,0.0555,0.36,0.0,0.1,0.173,131.798,201882,4,1
Lil Mosey,Blueberry Faygo,6wJYhPfqk3KGhHRG76WzOh,74,0.774,0.554,0,-7.909,1,0.0383,0.207,0.0,0.132,0.349,99.034,162547,4,0
Blxst,Chosen (feat. Ty Dolla $ign),1dIWPXMX4kRHj6Dt2DStUQ,77,0.571,0.767,2,-5.16,1,0.287,0.336,0.0,0.0809,0.605,93.421,161684,4,0
NLE Choppa,Walk Em Down (feat. Roddy Ricch),1Z0cZI0UzNbP9L8MzzGxqf,72,0.867,0.744,2,-5.171,1,0.227,0.268,0.0,0.0713,0.645,84.005,173288,4,0
Pop Smoke,The Woo (feat. 50 Cent & Roddy Ricch),1H7KnK26kc1YyellpbINEn,76,0.49,0.618,1,-5.655,1,0.104,0.0221,3.77e-06,0.259,0.286,99.7,201600,4,0
Lady Gaga,Rain On Me (with Ariana Grande),7ju97lgwC2rKQ6wwsf9no9,78,0.672,0.855,9,-3.764,1,0.0397,0.021,0.0,0.323,0.646,123.056,182200,4,2
HARDY,ONE BEER (feat. Lauren Alaina & Devin Dawson),5Y05LYM8LhnQN78GqfjSeK,70,0.516,0.745,2,-8.352,1,0.0774,0.564,0.0,0.275,0.826,186.006,173173,3,0
Lil Darkie,i can see clearly,0hTenOns6LBffrOtLg3rMe,71,0.705,0.619,8,-6.208,1,0.0493,0.206,0.000986,0.139,0.39,93.031,193548,4,2
Chris Stapleton,Joy Of My Life,4EuaDcxHmHKS6gZ5iuGba0,70,0.63,0.485,3,-8.955,1,0.0299,0.223,0.0535,0.103,0.398,149.23,274520,4,0
DJ Scheme,Blue Bills (feat. $NOT & Fenix Flexin),2ODUTBkiOWoYSUjKpGJxQE,73,0.82,0.494,1,-9.47,1,0.18,0.166,4.35e-06,0.13,0.362,95.994,100267,4,0
Grupo Firme,El Tóxico,7E9GeFGfjXw9LAI4ay6rsw,77,0.626,0.503,10,-5.087,1,0.141,0.407,0.0,0.234,0.821,72.985,179746,4,2
Lil Baby,Sum 2 Prove,5f4Hy5mw5SRaUgXX9c6P5S,71,0.827,0.552,4,-7.571,0,0.274,0.0169,0.0,0.122,0.408,124.011,205760,4,1
SAINt JHN,Roses - Imanbek Remix,0zLCBJZSiELJf02ucPP9wb,68,0.769,0.719,8,-5.472,1,0.0474,0.0143,0.00777,0.359,0.863,121.955,176867,4,2
Dua Lipa,Don't Start Now,3PfIrDoz19wz7qK7tYeu62,81,0.793,0.793,11,-4.521,0,0.083,0.0123,0.0,0.0951,0.679,123.95,183290,4,1
Lil Uzi Vert,Homecoming,6vxU64pcIuQ38O015Zy4qj,70,0.929,0.563,9,-7.428,1,0.49,0.000592,0.0,0.244,0.353,129.957,213885,4,2
Jack Harlow,Tyler Herro,3w1WjD2zJqjBjDz5fwqQPJ,73,0.792,0.793,5,-6.185,0,0.0841,0.0872,0.0,0.22,0.775,123.031,156578,4,1
Sheff G,Weight On Me,6A4hgJdwriera4WSUl4moW,73,0.801,0.533,3,-6.198,0,0.222,0.707,4.28e-05,0.125,0.626,121.959,157619,4,1
Ty Dolla $ign,Spicy (feat. Post Malone),5IUtvfNvOyVYZUa6AJFrnP,75,0.782,0.51,4,-5.724,0,0.0419,0.143,0.0,0.115,0.118,99.993,143375,4,1
iamjakehill,By the Sword,3HsFSrIsbO54TFDfG66pZm,74,0.685,0.76,2,-7.813,1,0.0512,0.0199,0.151,0.0866,0.781,160.035,125812,4,0
CORPSE,E-GIRLS ARE RUINING MY LIFE!,7bCfHiRcfUjG0YVVNUL7Ve,73,0.614,0.937,1,-7.443,1,0.115,0.00161,0.00136,0.103,0.386,84.98,105176,4,0
Megan Thee Stallion,Body,0A1hoCfMLkiAgvhWkkucJa,73,0.914,0.732,8,-6.1,0,0.241,0.0166,0.0,0.107,0.469,94.066,171067,4,1
Justin Bieber,Intentions (feat. Quavo),4umIPjkehX1r7uhmGvXiSV,78,0.806,0.546,9,-6.637,1,0.0575,0.3,0.0,0.102,0.874,147.986,212867,4,2
Khruangbin,Texas Sun,24ntSW3QVJzR79lHAAOTaY,74,0.636,0.634,7,-10.01,1,0.0342,0.0364,0.147,0.0998,0.599,111.563,252812,4,2
Internet Money,Lemonade,02kDW379Yfd5PzW5A6vuGt,76,0.799,0.66,1,-6.153,0,0.079,0.256,0.0,0.111,0.471,140.04,195429,4,1
Juice WRLD,Blood On My Jeans,0fCwrjKfWxF3xQhZrYUw4T,71,0.868,0.55,6,-6.417,1,0.226,0.183,0.0,0.109,0.464,117.943,154767,4,2
Little Big Town,"Wine, Beer, Whiskey",5avVDmK9FVJpd3MDO8I3Zl,69,0.727,0.914,7,-5.85,1,0.0743,0.617,0.0,0.596,0.784,106.021,196160,4,2
Brent Faiyaz,Fuck The World (Summer in London),2CzUlaKN1mvb0szagSR3ux,71,0.679,0.281,3,-15.506,0,0.184,0.873,0.00335,0.215,0.234,74.996,236704,4,1
The Neighbourhood,Pretty Boy,7IL8PSVwLOJxqYne6azxQv,74,0.578,0.386,6,-11.464,1,0.0278,0.208,0.0453,0.307,0.569,154.902,234093,4,2
Lee Brice,Memory I Don't Mess With,1zYZs8Vbjhbzx5M3olcRnm,69,0.617,0.704,6,-7.61,0,0.0258,0.171,0.0,0.0924,0.57,91.541,180617,4,1
Bad Bunny,La Zona,5kqNIqFjijuzvVLhuY9B8j,79,0.762,0.801,1,-3.661,0,0.0409,0.2,7.04e-05,0.254,0.81,93.992,136893,4,1
The Kid LAROI,"F*CK YOU, GOODBYE (feat. Machine Gun Kelly)",0DYNL4xbYWgNzppUamtyR4,73,0.721,0.632,5,-6.695,0,0.0358,0.0693,0.0,0.291,0.296,92.057,144860,4,1
Polo G,I Know,40j4RoqmLiivqzRObbQ4BF,72,0.807,0.665,5,-5.249,0,0.276,0.0919,0.0,0.0788,0.557,164.964,176575,4,1
Eslabon Armado,Con Tus Besos,6WYB1odDfMPVMyp1QxFInT,73,0.681,0.664,6,-8.019,0,0.0353,0.335,0.0,0.0418,0.861,102.166,226821,3,1
Halsey,Without Me,6FZDfxM3a3UCqtzo5pxSLZ,78,0.752,0.488,6,-7.05,1,0.0705,0.297,9.11e-06,0.0936,0.533,136.041,201661,4,2
Juice WRLD,Life's A Mess (feat. Halsey),5wWAwzGp2OaaoIkwcz6wZs,73,0.63,0.446,1,-8.9,1,0.0351,0.337,0.0,0.166,0.177,143.078,202193,4,0
Polo G,Heartless (feat. Mustard),2iP3unJbxZvRuqyrS0ocZy,71,0.776,0.64,7,-8.058,1,0.184,0.149,0.0,0.101,0.326,160.038,204000,4,2
Trey Lewis,Dicked Down in Dallas,1yhft6ZqYadd4GOrKrmK3a,69,0.51,0.929,6,-4.685,1,0.0456,0.0608,5.39e-06,0.101,0.438,122.036,201350,4,2
The Kid LAROI,TRAGIC (feat. Youngboy Never Broke Again & Internet Money),13EW51DKru044OJDJ9Bm8o,71,0.779,0.642,8,-6.321,0,0.116,0.0383,0.0,0.2,0.388,82.363,153147,4,1
Stellar,Ashes,3Pj6u2KTgepyyidp5xfbHp,75,0.712,0.568,5,-7.864,0,0.0546,0.0947,0.0,0.169,0.46,130.019,166356,4,1
Jhené Aiko,B.S. (feat. H.E.R.),63wx9vdskaXbYxyDx4oJCZ,70,0.617,0.525,8,-10.426,0,0.12,0.554,1.1e-06,0.135,0.377,135.781,212867,4,1
Taylor Swift,this is me trying,7kt9e9LFSpN1zQtYEl19o1,74,0.515,0.476,9,-9.843,1,0.0328,0.314,4.74e-05,0.171,0.412,135.886,195097,4,2
Lil Eazzyy,Onna Come Up,0e4A9Fak1nJ7RtBD8YpoEo,73,0.796,0.426,1,-13.207,1,0.285,0.356,2.73e-05,0.0941,0.649,150.043,128014,4,0
Five Finger Death Punch,A Little Bit Off,6GqqGv8frU7kqzXkm2rewI,72,0.664,0.828,0,-6.053,1,0.0404,0.00839,0.0,0.294,0.82,103.985,190718,4,0
Adelmar Borrego,"Twinkle, Twinkle, Little Star",147gCksvDRmjG1pO51ZCcf,75,0.443,0.0248,11,-25.351,1,0.0622,0.996,0.967,0.12,0.52,68.123,100562,4,2
Brothers Osborne,I'm Not For Everyone,143YESFOZqxVGrKEWisbid,70,0.591,0.741,7,-4.867,1,0.0466,0.202,0.0,0.208,0.635,81.995,172107,4,2
Sleepy Hallow,Molly,3m49rgJQUz5GU07RWjf5SH,71,0.812,0.385,10,-9.676,0,0.416,0.787,0.0,0.103,0.742,133.993,164562,4,1
Playboi Carti,Rockstar Made,3cWmqvMwVQKDigWLSZ3w9h,72,0.773,0.612,8,-5.73,1,0.232,0.0398,0.0,0.142,0.381,149.999,193575,4,2
Phoebe Bridgers,Kyoto,4vjvx7Zxkb4AltGcZ0BBvI,71,0.6,0.749,11,-6.889,1,0.0419,0.0467,0.295,0.0915,0.485,131.024,184524,4,2
Marshmello,Be Kind (with Halsey),3Z8FwOEN59mRMxDCtb8N0A,77,0.63,0.633,4,-7.088,1,0.0457,0.00776,0.0,0.0541,0.452,93.995,172762,4,0
Machine Gun Kelly,bloody valentine,6mADjHs6FXdroPzEGW6KVJ,73,0.533,0.858,2,-4.212,1,0.0766,0.00021,0.0,0.148,0.506,160.057,205159,4,0
Lil Durk,Still Trappin',1lw4FrPr3Y8R7Q1Mro2TMe,70,0.877,0.679,5,-4.969,0,0.355,0.0458,0.0,0.0987,0.624,144.93,172185,4,1
Lil Uzi Vert,Silly Watch,5egD7A5x9AHdVO2fMo3Wbo,69,0.903,0.535,8,-6.238,1,0.286,0.0298,0.0,0.0851,0.157,130.117,195692,4,2
Miley Cyrus,Prisoner (feat. Dua Lipa),2Oycxb8QbPkpHTo8ZrmG0B,80,0.781,0.67,3,-3.912,0,0.0452,0.0103,0.0,0.0761,0.595,127.99,169333,4,1
Kelsea Ballerini,half of my hometown (feat. Kenny Chesney),1yRke3PmsyFrYlFZOAkABk,69,0.57,0.618,10,-4.966,1,0.0445,0.153,0.0,0.159,0.286,138.034,231832,4,2
Zach Bryan,Crooked Teeth,0Is8zshpnWUiFQJIYAMrQN,68,0.77,0.403,0,-6.039,0,0.0445,0.548,0.0,0.106,0.658,99.428,197227,4,1
HARDY,UNAPOLOGETICALLY COUNTRY AS HELL,45nc69lqKe3kY9sit2UU6G,68,0.543,0.648,1,-4.961,1,0.0311,0.172,0.0,0.329,0.617,124.053,235361,3,0
BLEU,You’re Mines Still (feat. Drake),7E2C5rBLpCKwQlhJPVFBRS,72,0.575,0.609,5,-4.88,0,0.121,0.317,0.0,0.105,0.339,83.004,226220,4,1
Dominic Fike,Why,1xLs8Mu1QEVbGCpyHQ2r2U,71,0.684,0.856,6,-2.676,1,0.0411,0.342,0.00728,0.109,0.343,117.027,139907,4,2
SZA,Hit Different,7Bar1kLTmsRmH6FCKKMEyU,71,0.679,0.516,0,-6.371,0,0.0452,0.199,0.0,0.0965,0.716,120.074,202008,4,1
Koe Wetzel,Good Die Young,6vBbirJ0n9L0j1XPtWlG6T,67,0.604,0.72,11,-5.628,1,0.0413,0.0396,0.0,0.0583,0.513,118.041,165699,4,2
Juice WRLD,Up Up And Away,7pbg3ABlAZv2NiIdKbBBFm,71,0.661,0.665,4,-6.356,0,0.053,0.538,0.0,0.0981,0.486,75.059,147548,4,1
Zach Bryan,November Air,0u9NVrPqUINrHIFCuPOnYm,68,0.429,0.197,3,-9.798,1,0.032,0.774,3.02e-06,0.146,0.197,128.49,243709,4,0
Zach Bryan,Revival,2QfX9Pdz3q66fN3kCXl0Js,68,0.464,0.366,7,-9.025,1,0.047,0.772,1.58e-05,0.0949,0.328,78.846,221250,4,2
Juice WRLD,Man Of The Year,7AvprzMsRJpybaalckaT8c,71,0.621,0.695,4,-5.124,1,0.0911,0.00584,0.0,0.086,0.298,173.966,136408,4,0
Will Paquin,Chandelier,1Go9q6KaCpAsQ0wkZFGzY2,72,0.333,0.498,2,-9.121,0,0.0468,0.674,6.51e-06,0.12,0.427,87.082,127465,4,1
All Time Low,Monsters (feat. blackbear),0tyR7Bu9P086aWBFZ4QJoo,71,0.369,0.845,0,-3.449,0,0.0611,0.0493,0.0,0.416,0.782,78.532,174068,4,1
Morgan Wallen,Still Goin Down,096YtKWNRXdmYKFLelSBto,68,0.58,0.751,7,-5.078,1,0.0267,0.49,0.0,0.277,0.718,148.108,186293,4,2
Michael Ray,Whiskey And Rain,1tf4Bfk8JIKryLpWYRvyiI,68,0.653,0.623,8,-4.56,1,0.0244,0.508,3.32e-06,0.285,0.718,100.021,206507,4,2
Steve Lacy,Uuuu,6M0EP76qW9TG4SNU0agu94,69,0.947,0.616,9,-3.602,1,0.0415,0.0168,0.259,0.0658,0.968,127.082,90709,4,2
Halsey,You should be sad,7lidXGPXPYLNThITAOTlkK,73,0.591,0.585,2,-6.35,1,0.0277,0.143,0.0,0.109,0.324,110.94,205473,4,0
Sheff G,"No Suburban, Pt. 2",3VayB5gLZGODx8b7RO1y5f,71,0.85,0.458,8,-7.82,1,0.339,0.476,0.0,0.26,0.616,143.973,153561,4,2
Phoebe Bridgers,Moon Song,46RNrAkGsqWTDrv2ZPOAbx,71,0.339,0.243,1,-12.512,1,0.056,0.869,0.00369,0.107,0.183,154.909,277677,3,0
Ghostemane,Fed Up,0BV0AYGLVlu2SdjN3J9twp,76,0.849,0.758,8,-7.498,1,0.256,0.499,0.695,0.147,0.0684,115.058,151625,4,2
Rod Wave,Girl Of My Dreams,09YHm6IkdZko28KdEbXtPb,68,0.637,0.562,4,-7.348,0,0.0694,0.488,0.0,0.114,0.352,75.041,159733,4,1
Joel Corry,Head & Heart (feat. MNEK),6cx06DFPPHchuUAcTxznu9,80,0.734,0.874,8,-3.158,1,0.0662,0.168,1.14e-05,0.0489,0.905,122.953,166028,4,2
Lil Baby,Low Down,5m0yZ33oOy0yYBtdTXuxQe,69,0.962,0.619,10,-5.562,0,0.405,0.0354,0.0,0.083,0.154,127.958,144652,4,1
Yandel,CANCIÓN CON YANDEL,3pm4XtcsRIFFtH2UErk62R,76,0.75,0.741,9,-4.43,1,0.402,0.447,0.0,0.121,0.495,79.968,209180,4,2
Ava Max,My Head & My Heart,1KixkQVDUHggZMU9dUobgm,79,0.614,0.934,9,-3.709,0,0.07,0.0697,0.0,0.121,0.436,116.001,174760,4,1
Lil Uzi Vert,Yessirskiii,59JWp4PjZ9TRM8cmtaDYB1,69,0.895,0.739,8,-6.633,1,0.283,0.0183,7.61e-06,0.102,0.763,140.007,219340,4,2
Junior H,Mente Positiva,3WQilym5Vi4ypxb70vx0eY,75,0.576,0.604,5,-7.558,0,0.047,0.27,0.0,0.176,0.734,99.746,192391,3,1
Doja Cat,Freak,3aA6xB0tOilDDX17fIJ0Bl,72,0.688,0.716,7,-5.702,1,0.0385,0.0969,0.0,0.0989,0.373,116.912,284480,3,2
Jay Wheeler,La Curiosidad,4HYDUMY0xSpeBr0AMY9cUz,80,0.845,0.677,11,-4.798,0,0.136,0.269,0.000917,0.108,0.68,90.013,219048,4,1
Chris Young,Famous Friends,4iXDn9pu5Q9sxv45vE8Lak,69,0.533,0.855,6,-2.901,1,0.0356,0.0553,0.0,0.335,0.64,102.017,165569,4,2
Sam Hunt,Body Like A Back Road,7FpBQ067pHB67deawpbbcY,69,0.736,0.458,5,-7.437,1,0.0316,0.441,0.0,0.148,0.65,98.977,162547,4,2
Dreamer Isioma,Sensitive,0oHEteATZnAZuA9dl1dXF3,71,0.601,0.649,7,-6.979,1,0.133,0.166,3.35e-05,0.165,0.351,89.73,174720,4,2
WEEDMANE,SUICIDE YEAR,6hRvewF5MRAsqqxnNs3z2b,77,0.788,0.871,6,-5.782,0,0.043,0.172,0.00164,0.115,0.401,128.195,91820,4,1
Bryson Tiller,Sorrows,5TXQCMKN6TgemTL3c4wRTn,72,0.633,0.793,5,-6.847,0,0.182,0.148,0.0,0.867,0.761,109.093,193702,4,1
Playboi Carti,Go2DaMoon (feat. Kanye West),0F13K9dwYH2zpTWiR8d628,71,0.693,0.434,4,-8.786,0,0.385,0.204,0.0,0.277,0.542,147.066,119738,4,1
JAWNY,Honeypie,6FfLg6FFqhCsrFOaHIGkg0,76,0.74,0.688,5,-4.361,0,0.0916,0.061,0.0,0.138,0.935,115.035,135581,4,1
Forest Blakk,If You Love Her,727Z2S2mtNH46CbP9EWPwY,74,0.286,0.445,6,-8.087,1,0.0347,0.355,0.0,0.114,0.278,50.827,217352,4,2
DJ Khaled,POPSTAR (feat. Drake),6EDO9iiTtwNv6waLwa1UUq,75,0.8,0.56,5,-4.818,0,0.261,0.057,0.0,0.134,0.45,163.071,200221,4,1
Los Elegantes de Jerez,Tú,5GkeaIeCEfB0LOqk7sIVHQ,74,0.767,0.701,5,-5.928,0,0.0269,0.62,0.0295,0.166,0.888,115.017,194267,3,1
Taylor Swift,betty,5kI4eCXXzyuIUXjQra0Cxi,73,0.593,0.377,0,-8.761,1,0.0253,0.6,0.0,0.0976,0.502,95.939,294521,4,0
SoFaygo,Knock Knock,6aHoPULNO7pSL2ZfUY0bU8,72,0.669,0.629,1,-6.032,0,0.0657,0.0485,0.0,0.346,0.683,125.935,139729,4,1
21 Savage,RIP Luv,1wGnp7ejkCuXRsehXx0PNP,69,0.63,0.399,5,-9.869,0,0.178,0.105,0.174,0.234,0.0657,183.016,214192,3,1
NLE Choppa,Camelot,44sYqNBttbXNxya33FJ3Dj,70,0.787,0.713,7,-5.252,1,0.401,0.0849,0.0,0.717,0.761,175.046,148759,4,2
$uicideboy$,All Dogs Go to Heaven,1DoBPOlB884EHiftB46QGx,69,0.884,0.903,6,-3.672,0,0.2,0.274,0.00037,0.302,0.839,75.022,153652,4,1
Juice WRLD,Smile (with The Weeknd),6wQlQrTY5mVS8EGaFZVwVF,72,0.694,0.685,6,-6.535,0,0.133,0.224,0.0,0.124,0.306,158.831,196180,4,1
Lil Baby,The Bigger Picture,44gRhRi2OhEf7moAUj6MD1,69,0.59,0.618,1,-5.756,1,0.334,0.0127,0.0,0.244,0.153,96.459,252729,3,0
The Kid LAROI,Diva (feat. Lil Tecca),7gVwgc8b3XnO87TpmXXFA5,72,0.686,0.703,6,-6.141,0,0.0606,0.00728,0.0,0.0946,0.457,144.902,172005,4,1
carolesdaughter,Violent,7CFfqRW50ffULvBv7lfIIg,72,0.797,0.755,2,-5.393,1,0.0293,0.331,2.26e-06,0.124,0.411,129.955,135878,4,0
Khalil?,Zodiac Killer,2BMffjr4KyshdbZz7UAC6w,69,0.876,0.267,8,-14.94,1,0.352,0.52,0.0,0.158,0.608,125.041,124390,4,2
SyKo,#BrooklynBloodPop!,7K9Z3yFNNLv5kwTjQYGjnu,75,0.691,0.814,1,-3.788,0,0.117,0.0164,0.0,0.366,0.509,132.012,145611,4,1
Darius Rucker,Beers And Sunshine,36ISlLb12gKuCCVTYXC0gb,69,0.57,0.645,5,-5.816,1,0.0304,0.134,0.0,0.147,0.677,81.084,178279,4,2
Joji,Daylight,6Ed1q0X8oSKSm4IIhiQbYg,73,0.528,0.749,7,-7.571,1,0.0479,0.00488,9.6e-05,0.0949,0.729,163.944,163906,4,2
King Von,Armed & Dangerous,2297mxrYLBAC4XkhXs39If,69,0.696,0.592,1,-6.281,1,0.319,0.152,0.0,0.127,0.232,188.051,122680,4,0
COIN,Crash My Car,0X5mtNbqxbiTYkwj0CQc2f,69,0.244,0.645,5,-5.863,1,0.0456,0.00178,0.00574,0.301,0.529,183.577,188307,5,2
Lil Baby,Commercial (feat. Lil Uzi Vert),3tDqEKKUs6gf8zMvSuLyLA,69,0.892,0.486,11,-8.637,0,0.384,0.048,0.0,0.146,0.535,120.998,214215,4,1
